Iteration,taper,core_delta,core_diam,Throughput,TF_1,TF_2,TF_3,TF_4,TF_5,TF_6,TF_7,TF_8
1,16.53475828,0.0122895,8.2,0.67195656,1.0,0.049292562,0.049292562,0.049366909,0.67195656,0.049366909,0.049292562,0.049292562
