{"taper": [16.88235294117647, 31.888888888888893], "core_diam": [1.0, 20.0]}