{"taper": [16.534979423868315, 20.552429667519185], "core_delta": [0.0, 0.02], "core_diam": [1.0, 20.0]}